SN2149630092;-1125;Mini Pc GIGABYTE;Groupe Misfat Filtration;En Service
8QB1ZL3;DELL OPTIPLEX 3090;MINI pc DELL;Groupe Misfat Filtration;En Service
2XTNT4J;172-21-251-34;Mini Tower;Groupe Misfat Filtration;En Service
JLNNT4J;173-172-8-1;Mini Tower;Groupe Misfat Filtration;En Service
1JPWX4J;173-172-8-1-OLD;Mini Tower;Groupe Misfat Filtration;En Service
8CC1160YRQ;3D-PRINTER;Desktop;Groupe Misfat Filtration;En Service
4G80842;4G80842;Rack Mount Chassis;Groupe Misfat Filtration;En Service
88K0GV2;ABENDHIEF;Desktop;Groupe Misfat Filtration;En Service
4QRGZB2;ABOUSSHIH3;Desktop;Groupe Misfat Filtration;En Service
G3PFCG00074K;ADHAOUDI;Desktop;Groupe Misfat Filtration;En Service
JB820D3;AFARHAT;Desktop;Groupe Misfat Filtration;En Service
GJ7ZL44;AFERJANI;Desktop;Groupe Misfat Filtration;En Service
3Q717T2;AGuizani;Desktop;Groupe Misfat Filtration;En Service
7HPWX4J;AHANACHI2;Mini Tower;Groupe Misfat Filtration;Hors Service
CNPPB2;AIO_20170655 / 1;All In One;Groupe Misfat Filtration;En Service
K9PTCJ00M047396;AIO-ABENAYED-AS;All In One;Groupe Misfat Filtration;En Service
CZC622BL9D;AIO-HAOUINI;All In One;Groupe Misfat Filtration;En Service
DHMJSX1;AIO-HGUESMI;All In One;Groupe Misfat Filtration;En Service
CNPTBB2;AIO-MCHAFFAI;All In One;Groupe Misfat Filtration;En Service
J6PTCJ00T299258;AIO-MOGUERMAZI;All In One;Groupe Misfat Filtration;En Service
CZC3153PMG;AIO-RBENAYED;Desktop;Groupe Misfat Filtration;En Service
51JLS62;AKAABI1;Desktop;Groupe Misfat Filtration;En Service
6BLST23;AKAABI1;Desktop;Groupe Misfat Filtration;En Service
8VGX35J;AKHALDI;Mini Tower;Groupe Misfat Filtration;Utilisation Provisoire > Disponible Chez Sce info
18R8B44;AKHALDI1;Desktop;Groupe Misfat Filtration;En Service
2VXGBS2;AKHOUJA;Desktop;Groupe Misfat Filtration;En Service
2BG9424;AKHZAMI;Desktop;Groupe Misfat Filtration;En Service
JQ1055J;ALAOUINI;Tower;Groupe Misfat Filtration;Hors Service
3BR8B44;ALaouini;Desktop;Groupe Misfat Filtration;En Service
J5PKTX1;ALL_8140;All In One;Groupe Misfat Filtration;Hors Service
3D7245J;ASLEIMI;Mini Tower;Groupe Misfat Filtration;En Service
DNCWX4J;ASmati;Mini Tower;Groupe Misfat Filtration;Fonctionnel-nonAffecte
D7K0GV2;ATEF;Desktop;Groupe Misfat Filtration;En Service
2017MW0128;AUTEC-1;All In One;Groupe Misfat Filtration;En Service
2329MW0023;Autec3;All In One;Groupe Misfat Filtration;En Service
HNRSFR3;BAIE_DELL_ME4024;Baie de Stockage;Groupe Misfat Filtration;En Service
GXFB25J;BancEclatements;Lunch Box;Groupe Misfat Filtration;Hors Service
G9N9R4J;BBAHRI-NEW;Mini Tower;Groupe Misfat Filtration;Hors Service
BSN16K2;BBejaoui;Desktop;Groupe Misfat Filtration;En Service
3YSWPV3;BBENABDKADER;Desktop;Groupe Misfat Filtration;En Service
2W4HPQ3;BBERHOUMA;Desktop;Groupe Misfat Filtration;En Service
BRV46K2;BDRIDI2;Desktop;Groupe Misfat Filtration;En Service
HXFB25J;BE-Eclatement;Lunch Box;Groupe Misfat Filtration;En Service
C5HVQK3;BoBejaoui;Desktop;Groupe Misfat Filtration;En Service
/C5HVQK3/CNWS2001B400QF/;BoBejaoui;Desktop;Groupe Misfat Filtration;En Service
9WM4NX2;CHAKERMI;Desktop;Groupe Misfat Filtration;En Service
2W617T2;CHDoufani;Desktop;Groupe Misfat Filtration;En Service
HRPMVS1;Chedly;Mini Tower;Groupe Misfat Filtration;En Service
CMTY202;CMTY202;Rack Mount Chassis;Groupe Misfat Filtration;En Service
FWV94J3;DELL LATITUDE 5520;PC Portable;Groupe Misfat Filtration;En Service
5PB1ZL3;DELL OPTIPLEX 3090;MINI pc DELL;Groupe Misfat Filtration;En Service
71HVQK3;DELL OPTIPLEX 5090;PC Bureau;Groupe Misfat Filtration;Hors Service
H66S014;DELL OPTIPLEX 7010;MINI CP;Groupe Misfat Filtration;En Service
8CC9493S44;DEPOT-ZARZIS;Mini PC;Groupe Misfat Filtration;En Service
2234MW0082;DESKTOP-EDLK296;All In One;Groupe Misfat Filtration;En Service
FCCXP03;DESKTOP-ER593AB;Notebook;Groupe Misfat Filtration;En Service
334VP03;DESKTOP-RAQB7L6;Notebook;Groupe Misfat Filtration;Utilisation Provisoire > Disponible Chez Sce info
DLYTP03;DESKTOP-RAQB7L6;Notebook;Groupe Misfat Filtration;En Service
GEFC52501AXY;DG_9405;Dongle Intel Hdmi;Groupe Misfat Filtration;Hors Service
7Y4HPQ3;DGHARBI;Desktop;Groupe Misfat Filtration;En Service
DWVX7Z1;DHammami;Mini Tower;Groupe Misfat Filtration;En Service
32PSGB4;DHAMROUNI;Desktop;Groupe Misfat Filtration;En Service
J4GNQ92;DHP145;Desktop;Groupe Misfat Filtration;En Service
3NVYB82;DON-DOUANE;Mini Tower;Groupe Misfat Filtration;DON
1MR8B44;EBOURIZGI;Desktop;Groupe Misfat Filtration;En Service
87R8B44;FBENMANSOUR;Desktop;Groupe Misfat Filtration;En Service
22KKG4J;G19;PC Bureau;Groupe Misfat Filtration;Hors Service
97LD414;GHMLIKI;Desktop;Groupe Misfat Filtration;En Service
N7ZZ5668;Gusbi5003;Notebook;Groupe Misfat Filtration;En Service
P8Z02007;Gusbi5019;Notebook;Groupe Misfat Filtration;En Service
51LTS62;HAKERMI;Mini Tower;Groupe Misfat Filtration;En Service
3P93G32;hamed-siadani;Mini Tower;Groupe Misfat Filtration;Utilisation Provisoire > Disponible Chez Sce info
GYBDGM2;HBeldi;Desktop;Groupe Misfat Filtration;En Service
8889-9115-3020-0113-8765-2330-18;HBenSaleh;Hyper-V;Groupe Misfat Filtration;En Service
CX3VBB2;HBOUHMI;Mini Tower;Groupe Misfat Filtration;Utilisation Provisoire > Disponible Chez Sce info
8KR8B44;HDELLAII;Desktop;Groupe Misfat Filtration;En Service
PC2BPRD3;HFEZAI;Desktop;Groupe Misfat Filtration;En Service
3SQBLJ2;HGHARIANI;Desktop;Groupe Misfat Filtration;En Service
5B80XM2;HMEZNI2;Desktop;Groupe Misfat Filtration;En Service
3,60E+14;HP15-DW3084NK;PC Portable;Groupe Misfat Filtration;DON
2W9FR53;Iaouini;Desktop;Groupe Misfat Filtration;En Service
CYWZPP3;IAYARI;Desktop;Groupe Misfat Filtration;En Service
SC02YD2CLJV3Q;IMAC_12599;IMAC;Groupe Misfat Filtration;En Service
F03NPT3;JBENSAAD;Desktop;Groupe Misfat Filtration;En Service
00009XXW;JC21-038;Laptop;Groupe Misfat Filtration;En Service
BXTNT4J;JHAJRI;Mini Tower;Groupe Misfat Filtration;Hors Service
NCPFCG008185507;JHTRABELSI;Desktop;Groupe Misfat Filtration;En Service
3RSDB94;JSMATI;Desktop;Groupe Misfat Filtration;En Service
J8LBK4J;K56-PC;Mini Tower;Groupe Misfat Filtration;En Service
GEPY631008E8;KMattoussi;Desktop;Groupe Misfat Filtration;En Service
CZPSGB4;KTRABELSI;Desktop;Groupe Misfat Filtration;En Service
6W9FR53;KYAZIDI-1;Desktop;Groupe Misfat Filtration;En Service
PC19680A;Labo-BES02;Desktop;Groupe Misfat Filtration;En Service
7TFFBV3;LABO-RD-MICORV;Desktop;Groupe Misfat Filtration;En Service
B9C6W23;LaboRD-ABP;Desktop;Groupe Misfat Filtration;En Service
PC1967VD;LaboRD-BES;Desktop;Groupe Misfat Filtration;En Service
4WKCS23;LaboRD-BU01;Desktop;Groupe Misfat Filtration;En Service
PC1966YV;LaboRD-MT01;Desktop;Groupe Misfat Filtration;En Service
8J93G32;LAZER-P02;Mini Tower;Groupe Misfat Filtration;En Service
7Y93H5J;LBEJAOUI;Tower;Groupe Misfat Filtration;Hors Service
6J617T2;LBEJAOUI2;Desktop;Groupe Misfat Filtration;En Service
GMOJA6FW;LENOVO-RD-MONOBLOCK;PC Bureau;Groupe Misfat Filtration;En Service
CWGX35J;LOGEGARDIEN-M1;Mini Tower;Groupe Misfat Filtration;En Service
G3PFCG0006HP;LOGEGARDIEN-M2;Desktop;Groupe Misfat Filtration;En Service
BSY26K2;LogeGardien-M3;Desktop;Groupe Misfat Filtration;En Service
1MR2XN2;LOGEGARDIEN-PDR;Desktop;Groupe Misfat Filtration;En Service
GM0JA6FW;M3-BE04;Desktop;Groupe Misfat Filtration;En Service
B2CW224;M3-H39-PC;Desktop;Groupe Misfat Filtration;En Service
HN962443;Macpol-MIS3PLI;Lunch Box;Groupe Misfat Filtration;En Service
GQ4QH5J;MAG-MP-22;Mini Tower;Groupe Misfat Filtration;Hors Service
2HTX7Z1;MAG-MP-23;Mini Tower;Groupe Misfat Filtration;En Service
BSJ46K2;MAG-MP-32;Desktop;Groupe Misfat Filtration;Utilisation Provisoire > Disponible Chez Sce info
G3PFCG0006YR;MAG-MP-34;Desktop;Groupe Misfat Filtration;Hors Service
6R4QH5J;MAG-MP-35;Mini Tower;Groupe Misfat Filtration;Utilisation Provisoire > Disponible Chez Sce info
9KMR15J;MAG-PDR-12;Mini Tower;Groupe Misfat Filtration;En Service
32KKG4J;MAG-SF-12;Mini Tower;Groupe Misfat Filtration;En Service
GR4QH5J;MAG-SF-13;Mini Tower;Groupe Misfat Filtration;Hors Service
G3PFCG00072M;MAG-SF-32-old;Desktop;Groupe Misfat Filtration;En Service
GBVX7Z1;MAG-SF1-TOL;Mini Tower;Groupe Misfat Filtration;En Service
B8M3KZ1;MAG-VN;Mini Tower;Groupe Misfat Filtration;En Service
1262122;MAGMP-34;Mini Tower;Groupe Misfat Filtration;Utilisation Provisoire > Disponible Chez Sce info
J86S014;MAGMP3-ZONE-RETOUR;Desktop;Groupe Misfat Filtration;En Service
7MCWX4J;MAGPP;Mini Tower;Groupe Misfat Filtration;Hors Service
9Y93H5J;MaherBenOthmen;Tower;Groupe Misfat Filtration;En Service
6Z2NPT3;MAOUECHTATI;Desktop;Groupe Misfat Filtration;En Service
7GYMYR2;MAROUANI;Desktop;Groupe Misfat Filtration;En Service
25D0NN2;MAYDI;Desktop;Groupe Misfat Filtration;En Service
CY93H5J;MAyed;Tower;Groupe Misfat Filtration;En Service
9MCWX4J;MBENAYED;Mini Tower;Groupe Misfat Filtration;En Service
J795W34;MBENSMIDA;Desktop;Groupe Misfat Filtration;En Service
BY8F5Z1;MBENTAHER;Mini Tower;Groupe Misfat Filtration;Utilisation Provisoire > Disponible Chez Sce info
9HZ145J;MBENTAHER1;Mini Tower;Groupe Misfat Filtration;En Service
G0R8122;MBoussaoud;Mini Tower;Groupe Misfat Filtration;En Service
95R8B44;Med-adib-klai;Desktop;Groupe Misfat Filtration;En Service
DNSHBB2;MEDATRABELSI2;Mini Tower;Groupe Misfat Filtration;En Service
FVQ8122;MGhariani;Mini Tower;Groupe Misfat Filtration;En Service
2149630056;mini pc GIGABYTE;Mini Pc GIGABYTE;Groupe Misfat Filtration;En Service
2D1H4H3;Mini PC DELL OPTIPLEX 3080;MINI pc DELL;Groupe Misfat Filtration;En Service
SN2149630092;MINI-PC-TV2;Mini Pc GIGABYTE;Groupe Misfat Filtration;En Service
3FWHGM2;MJemai;Desktop;Groupe Misfat Filtration;En Service
BKQ5Q02;MJENDOUBI;Mini Tower;Groupe Misfat Filtration;En Service
6P9J5P2;MKachouti;Desktop;Groupe Misfat Filtration;En Service
4Y93H5J;MKARMOUSI;Tower;Groupe Misfat Filtration;En Service
17HVQK3;MKAROUI;Desktop;Groupe Misfat Filtration;En Service
J0LX994;MKHISS;Desktop;Groupe Misfat Filtration;En Service
B6R5D4J;MMESTIRI;Mini Tower;Groupe Misfat Filtration;Fonctionnel-nonAffecte
G6PY63200CQV;MN_;Mini PC Intel;Groupe Misfat Filtration;En Service
G6PY722000UE;MN_10478;Mini PC Intel;Groupe Misfat Filtration;Hors Service
G6PY722000PN;MN_10508;Mini PC Intel;Groupe Misfat Filtration;Hors Service
G6PY72200157;MN_10515;Mini PC Intel;Groupe Misfat Filtration;Hors Service
G6RY80900H6K;MN_11167;Mini PC Intel;Groupe Misfat Filtration;En Service
G6RY80900HGS;MN_11168;Mini PC Intel;Groupe Misfat Filtration;Hors Service
G6RY80900H4P;MN_11170;Mini PC Intel;Groupe Misfat Filtration;Hors Service
G6RY80900H3E;MN_11196;Mini PC Intel;Groupe Misfat Filtration;Hors Service
G6PY843007WW;MN_12248;Mini PC Intel;Groupe Misfat Filtration;Hors Service
G6PY8430080R;MN_12249;Mini PC Intel;Groupe Misfat Filtration;Hors Service
G6PY91200ATJ;MN_12842;Mini PC Intel;Groupe Misfat Filtration;En Service
G6PY91200AVB;MN_12843;Mini PC Intel;Groupe Misfat Filtration;En Service
G6PY9120097K;MN_12845;Mini PC Intel;Groupe Misfat Filtration;En Service
G6PY91200AL4;MN_12847;Mini PC Intel;Groupe Misfat Filtration;Hors Service
G6PY91200AWL;MN_12848;Mini PC Intel;Groupe Misfat Filtration;Hors Service
G6PY9120096F;MN_12849;Mini PC Intel;Groupe Misfat Filtration;En Service
G6PY91200AK2;MN_12850;Mini PC Intel;Groupe Misfat Filtration;Hors Service
G6PY91200AL6;MN_12851;Mini PC Intel;Groupe Misfat Filtration;En Service
G6PY912009BM;MN_12852;Mini PC Intel;Groupe Misfat Filtration;En Service
Z3735F;MN_12853;Mini PC BOX;Groupe Misfat Filtration;En Service
8CC1160YRN;MN_14598;Mini PC HP;Groupe Misfat Filtration;En Service
8CC1160YT6;MN_14603;Mini PC HP;Groupe Misfat Filtration;En Service
8CC1160YRV;MN_14608;Mini PC HP;Groupe Misfat Filtration;En Service
FW1T5T3;MN_16825;MINI pc DELL;Groupe Misfat Filtration;En Service
G6PY63200GNF;MN_20170154 / 1;Mini PC Intel;Groupe Misfat Filtration;En Service
G6PY63200CLZ;MN_448;Mini PC Intel;Groupe Misfat Filtration;En Service
G6PY63200D55;MN_474;Mini PC Intel;Groupe Misfat Filtration;Hors Service
8CC9493544;MN_600;Mini PC HP;Groupe Misfat Filtration;En Service
8CC9493546;MN_601;Mini PC HP;Groupe Misfat Filtration;En Service
G6PY6160059M;MN_9681;Mini PC Intel;Groupe Misfat Filtration;En Service
G6PY6160054Z;MN_9682;Mini PC Intel;Groupe Misfat Filtration;En Service
G6PY63200D3D;MN_9687;Mini PC Intel;Groupe Misfat Filtration;En Service
G6PY63200CFS;MN_9688;Mini PC Intel;Groupe Misfat Filtration;En Service
G6PY63200CFR;MN_9689;Mini PC Intel;Groupe Misfat Filtration;Hors Service
G6PY63200CK5;MN_9690;Mini PC Intel;Groupe Misfat Filtration;Hors Service
G6PY63200CXN;MN_9692;Mini PC Intel;Groupe Misfat Filtration;Hors Service
G6PY63200CR4;MN_9693;Mini PC Intel;Groupe Misfat Filtration;En Service
G6PY63200CKX;MN_9694;Mini PC Intel;Groupe Misfat Filtration;En Service
G6PY63200DCY;MN_9798;Mini PC Intel;Groupe Misfat Filtration;En Service
FMB1ZL3;MN_DELL;MINI pc DELL;Groupe Misfat Filtration;En Service
1N35RX3;MN_DELL;MINI pc DELL;Groupe Misfat Filtration;Utilisation Provisoire > Disponible Chez Sce info
H0QJ4V3;MN_DELL;MINI pc DELL;Groupe Misfat Filtration;Utilisation Provisoire > Disponible Chez Sce info
48GD324;MN-A21;Desktop;Groupe Misfat Filtration;En Service
8CC937153M;MN-ABenAli;Mini PC;Groupe Misfat Filtration;En Service
2D1H4G3;MN-ABENNEJMA;Desktop;Groupe Misfat Filtration;En Service
9LFBY64;MN-ADHAOUEDI;Desktop;Groupe Misfat Filtration;En Service
HC1H4G3;MN-ADRIDI1;Desktop;Groupe Misfat Filtration;En Service
8CC93714ZD;MN-AERRATOULI;Mini PC;Groupe Misfat Filtration;En Service
8CC9371518;MN-AGENTMAINT;Mini PC;Groupe Misfat Filtration;En Service
1ZBW224;MN-AGENTMAINT2;Desktop;Groupe Misfat Filtration;En Service
1QB1ZL3;MN-AHAMMAMI2;Desktop;Groupe Misfat Filtration;En Service
87DT5T3;MN-AHANNECHI1;Desktop;Groupe Misfat Filtration;En Service
C3Q2ZL3;MN-AHEDHLI1;Desktop;Groupe Misfat Filtration;En Service
8CC937151B;MN-AJENDOUBI;Mini PC;Groupe Misfat Filtration;En Service
;;;;
;;;;
;;;;
;;;;
;;;;
;;;;
;;;;
;;;;
;;;;
;MN-AWECHTATI;Desktop;Groupe Misfat Filtration;En Service
;MN-BBAHRI;Desktop;Groupe Misfat Filtration;En Service
;MN-BBELGCEM1;Desktop;Groupe Misfat Filtration;En Service
;MN-BBOUGHANMI;Desktop;Groupe Misfat Filtration;En Service
;MN-BBOUSSAOUD;Desktop;Groupe Misfat Filtration;En Service
;MN-BEJA;Desktop;Groupe Misfat Filtration;En Service
;MN-BHAMMAMI;Desktop;Groupe Misfat Filtration;En Service
;MN-BHERMI;Mini PC;Groupe Misfat Filtration;En Service
;MN-BIRIAHI;Mini PC;Groupe Misfat Filtration;En Service
;MN-BIZERTE;Mini PC;Groupe Misfat Filtration;En Service
;MN-BJEMAI;Desktop;Groupe Misfat Filtration;En Service
;MN-BJEMAI1;Desktop;Groupe Misfat Filtration;En Service
;MN-BLAOUINI;Desktop;Groupe Misfat Filtration;En Service
;MN-BRAHALI;Desktop;Groupe Misfat Filtration;En Service
;MN-BTIZAOUI1;Desktop;Groupe Misfat Filtration;En Service
;MN-CHAMMAMI;Desktop;Groupe Misfat Filtration;En Service
;MN-CHBELGACEM2;Desktop;Groupe Misfat Filtration;En Service
;MN-DBENTALEB;Mini PC;Groupe Misfat Filtration;En Service
;MN-DBOUBAKRI;Desktop;Groupe Misfat Filtration;En Service
;MN-DOCTOR;Desktop;Groupe Misfat Filtration;En Service
;MN-DPOTDHNIBA;Desktop;Groupe Misfat Filtration;En Service
;MN-DVR-NKALAI;Desktop;Groupe Misfat Filtration;En Service
;MN-EBEJAOUI;Desktop;Groupe Misfat Filtration;En Service
;MN-EmBejaoui;Desktop;Groupe Misfat Filtration;En Service
;MN-ETRABELSI;Desktop;Groupe Misfat Filtration;En Service
;MN-FDRIDI;Desktop;Groupe Misfat Filtration;En Service
;MN-FEJJA2;Desktop;Groupe Misfat Filtration;En Service
;MN-FNEFZI;Desktop;Groupe Misfat Filtration;En Service
;MN-FSIDAOUI;Desktop;Groupe Misfat Filtration;En Service
;MN-GABES;Mini PC;Groupe Misfat Filtration;En Service
;MN-GAFSA;Mini PC;Groupe Misfat Filtration;En Service
;MN-H39;Desktop;Groupe Misfat Filtration;En Service
;MN-HBELDI;Mini PC;Groupe Misfat Filtration;En Service
;MN-HBENBELGACEM;Desktop;Groupe Misfat Filtration;En Service
;MN-HBENISMAIL;Mini PC;Groupe Misfat Filtration;En Service
;MN-HBenLajnef;Desktop;Groupe Misfat Filtration;En Service
;MN-HBENSAID2;Desktop;Groupe Misfat Filtration;En Service
;MN-HBOSSAOUD;Desktop;Groupe Misfat Filtration;En Service
;MN-HBOUABID;Desktop;Groupe Misfat Filtration;En Service
;MN-HCHEBLI;Desktop;Groupe Misfat Filtration;En Service
;MN-HDOUFENI;Desktop;Groupe Misfat Filtration;En Service
;MN-HDRIDI;Desktop;Groupe Misfat Filtration;En Service
;MN-HGharbi;Desktop;Groupe Misfat Filtration;En Service
;MN-HHAMDI;Desktop;Groupe Misfat Filtration;En Service
;MN-HHICHRI;Mini PC;Groupe Misfat Filtration;En Service
;MN-HMLIKI;Desktop;Groupe Misfat Filtration;En Service
;MN-HNAHALI;Mini PC;Groupe Misfat Filtration;En Service
;MN-HORCHANI;Desktop;Groupe Misfat Filtration;En Service
;MN-HRIAHI;Mini PC;Groupe Misfat Filtration;En Service
;MN-HRIFI;Desktop;Groupe Misfat Filtration;En Service
;MN-HSELMI;Desktop;Groupe Misfat Filtration;En Service
;MN-HSOUIDI;Mini PC;Groupe Misfat Filtration;En Service
;MN-HTARHOUNI;Desktop;Groupe Misfat Filtration;En Service
;MN-IAMRI;Mini PC;Groupe Misfat Filtration;Hors Service
;MN-IBRGAOUI;Desktop;Groupe Misfat Filtration;En Service
;MN-IDILAAI;Mini PC;Groupe Misfat Filtration;En Service
;MN-IMEZLINI;Desktop;Groupe Misfat Filtration;En Service
;MN-INEFZI;Desktop;Groupe Misfat Filtration;En Service
;MN-JHAJRI;Desktop;Groupe Misfat Filtration;En Service
;MN-JTAGHOUTI;Desktop;Groupe Misfat Filtration;En Service
;MN-JTRABELSI;Mini PC;Groupe Misfat Filtration;En Service
;MN-KDAAGI;Desktop;Groupe Misfat Filtration;En Service
;MN-KHOUNI;Mini PC;Groupe Misfat Filtration;En Service
;MN-KLAOUINI;Desktop;Groupe Misfat Filtration;En Service
;MN-KLassoued;Desktop;Groupe Misfat Filtration;En Service
;MN-KLEFI;Desktop;Groupe Misfat Filtration;En Service
;MN-KNEFZI2;Desktop;Groupe Misfat Filtration;En Service
;MN-KRIAHI;Desktop;Groupe Misfat Filtration;En Service
;MN-LABO-PSM;Mini PC;Groupe Misfat Filtration;En Service
;MN-LaboRD-xx;Desktop;Groupe Misfat Filtration;En Service
;MN-LSABRI;Desktop;Groupe Misfat Filtration;En Service
;MN-MACHERIF1;Desktop;Groupe Misfat Filtration;En Service
;MN-MADRIDI;Mini PC;Groupe Misfat Filtration;En Service
;MN-MAG-EXP-31;Desktop;Groupe Misfat Filtration;En Service
;MN-MAG-HBIBIA;Desktop;Groupe Misfat Filtration;En Service
;MN-MAG-MP-21;Desktop;Groupe Misfat Filtration;En Service
;MN-MAG-MP-22;Mini PC;Groupe Misfat Filtration;En Service
;MN-MAG-MP-31;Desktop;Groupe Misfat Filtration;En Service
;MN-MAG-MP-32;Desktop;Groupe Misfat Filtration;En Service
;MN-MAG-MP-33;Desktop;Groupe Misfat Filtration;En Service
;MN-MAG-PDR-11;Desktop;Groupe Misfat Filtration;En Service
;MN-MAG-PP-21;Desktop;Groupe Misfat Filtration;En Service
;MN-MAG-SF-11;Desktop;Groupe Misfat Filtration;En Service
;MN-MAG-SF-12;Desktop;Groupe Misfat Filtration;En Service
;MN-MAG-SF-21;Desktop;Groupe Misfat Filtration;En Service
;MN-MAG-SF-31;Desktop;Groupe Misfat Filtration;En Service
;MN-MAG-SF-32;Desktop;Groupe Misfat Filtration;En Service
;MN-MAG-TOL;Desktop;Groupe Misfat Filtration;En Service
;MN-MAGSOLTN;Desktop;Groupe Misfat Filtration;En Service
;MN-MAINTENANCE3;Desktop;Groupe Misfat Filtration;En Service
;MN-MAJMI;Desktop;Groupe Misfat Filtration;En Service
;MN-MAMADIOUNI;Desktop;Groupe Misfat Filtration;En Service
;MN-MAMHADHBI;Desktop;Groupe Misfat Filtration;En Service
;MN-MANAHALI;Desktop;Groupe Misfat Filtration;En Service
;MN-MAOUADI;Desktop;Groupe Misfat Filtration;En Service
;MN-MARFAOUI;Mini PC;Groupe Misfat Filtration;En Service
;MN-MBENAMARA;Mini PC;Groupe Misfat Filtration;En Service
;MN-MBENTAHER;Desktop;Groupe Misfat Filtration;En Service
;MN-MHkiri;Mini PC;Groupe Misfat Filtration;En Service
;MN-MJLASSI;Desktop;Groupe Misfat Filtration;En Service
;MN-MJouini;Mini PC;Groupe Misfat Filtration;En Service
;MN-MLACHNEB;Desktop;Groupe Misfat Filtration;En Service
;MN-MMEJRI;Mini PC;Groupe Misfat Filtration;En Service
;MN-MMESTIRI;Desktop;Groupe Misfat Filtration;En Service
;MN-MMzoughi;Desktop;Groupe Misfat Filtration;En Service
;MN-MNAHALI;Desktop;Groupe Misfat Filtration;En Service
;MN-MOHAMMAMI;Desktop;Groupe Misfat Filtration;En Service
;MN-MOHAMMAMI2;Desktop;Groupe Misfat Filtration;En Service
;MN-MSADFINI;Desktop;Groupe Misfat Filtration;En Service
;mn-msebai;Desktop;Groupe Misfat Filtration;En Service
;MN-MTRABELSI;Desktop;Groupe Misfat Filtration;En Service
;MN-NABEUL;Mini PC;Groupe Misfat Filtration;En Service
;MN-NABEUL2;Desktop;Groupe Misfat Filtration;En Service
;MN-NAHMADI;Mini PC;Groupe Misfat Filtration;En Service
;MN-NBENKHALFA;Desktop;Groupe Misfat Filtration;En Service
;MN-NCHAOUACHI;Desktop;Groupe Misfat Filtration;En Service
;MN-NOUESLATI;Desktop;Groupe Misfat Filtration;En Service
;MN-NTRABELSI;Desktop;Groupe Misfat Filtration;En Service
;MN-NTRABELSI1;Desktop;Groupe Misfat Filtration;En Service
;MN-NWACHEM;Desktop;Groupe Misfat Filtration;En Service
;MN-OAYARI;Desktop;Groupe Misfat Filtration;En Service
;MN-OTRABELSI1;Desktop;Groupe Misfat Filtration;En Service
;MN-OTROUDI1;Desktop;Groupe Misfat Filtration;En Service
;MN-Outillages;Mini PC;Groupe Misfat Filtration;En Service
;MN-RAGHARBI;Desktop;Groupe Misfat Filtration;En Service
;MN-RAOUIDETTE1;Desktop;Groupe Misfat Filtration;En Service
;MN-RARFAOUI;Desktop;Groupe Misfat Filtration;En Service
;MN-RBOUJEMAA;Mini PC;Groupe Misfat Filtration;En Service
;MN-RHALLEB;Desktop;Groupe Misfat Filtration;En Service
;MN-RHAMDI;Desktop;Groupe Misfat Filtration;En Service
;MN-RNEFZI;Mini PC;Groupe Misfat Filtration;En Service
;MN-RSAHLI1;Desktop;Groupe Misfat Filtration;En Service
;MN-RYAZIDI;Mini PC;Groupe Misfat Filtration;En Service
;MN-SAouidette;Desktop;Groupe Misfat Filtration;En Service
;MN-SAZIZI;Desktop;Groupe Misfat Filtration;En Service
;MN-SBENNEJMA;Desktop;Groupe Misfat Filtration;En Service
;MN-SBenRhouma;Desktop;Groupe Misfat Filtration;Utilisation Provisoire > Disponible Chez Sce info
;MN-SBOUHMI2;Desktop;Groupe Misfat Filtration;En Service
;MN-SDAAGI;Desktop;Groupe Misfat Filtration;En Service
;MN-SECOURS-M1;Desktop;Groupe Misfat Filtration;En Service
;MN-SECOURS-M2;Desktop;Groupe Misfat Filtration;En Service
;MN-SFAX1;Mini PC;Groupe Misfat Filtration;En Service
;MN-SFAX2;Mini PC;Groupe Misfat Filtration;En Service
;MN-SHammami;Desktop;Groupe Misfat Filtration;En Service
;MN-SHASNI;Desktop;Groupe Misfat Filtration;En Service
;MN-SIDIBOUZID;Mini PC;Groupe Misfat Filtration;En Service
;MN-SJEMAI;Desktop;Groupe Misfat Filtration;En Service
;MN-SJENDOUBI;Desktop;Groupe Misfat Filtration;En Service
;MN-SKachour;Mini PC;Groupe Misfat Filtration;En Service
;MN-SKHZEMI;Desktop;Groupe Misfat Filtration;En Service
;MN-SLASSOUED;Desktop;Groupe Misfat Filtration;En Service
;MN-SmartScreen;Desktop;Groupe Misfat Filtration;Utilisation Provisoire > Disponible Chez Sce info
;MN-SMARTSCREEN2;Desktop;Groupe Misfat Filtration;En Service
;MN-SMEJRI;Desktop;Groupe Misfat Filtration;En Service
;MN-SOUSSE;Mini PC;Groupe Misfat Filtration;En Service
;MN-SOUSSE1;Mini PC;Groupe Misfat Filtration;En Service
;MN-SRABAI1;Desktop;Groupe Misfat Filtration;En Service
;MN-SRIAHI;Mini PC;Groupe Misfat Filtration;En Service
;MN-SSLAMA;Desktop;Groupe Misfat Filtration;En Service
;MN-SSMATI;Desktop;Groupe Misfat Filtration;En Service
;MN-STIZAOUI;Desktop;Groupe Misfat Filtration;En Service
;MN-STRABELSI;Laptop;Groupe Misfat Filtration;En Service
;MN-STRABELSI;Mini PC;Groupe Misfat Filtration;En Service
;MN-STRABELSI1;Desktop;Groupe Misfat Filtration;En Service
;MN-SWESLETI;Desktop;Groupe Misfat Filtration;En Service
;MN-TFATNASSI;Mini PC;Groupe Misfat Filtration;En Service
;MN-Tlaouini;Desktop;Groupe Misfat Filtration;En Service
;MN-TMAROUANI;Desktop;Groupe Misfat Filtration;En Service
;MN-TRAINING1;Desktop;Groupe Misfat Filtration;En Service
;MN-TRAINING10;Desktop;Groupe Misfat Filtration;En Service
;MN-TRAINING11;Desktop;Groupe Misfat Filtration;En Service
;MN-TRAINING12;Desktop;Groupe Misfat Filtration;En Service
;MN-TRAINING13;Desktop;Groupe Misfat Filtration;En Service
;MN-TRAINING15;Desktop;Groupe Misfat Filtration;En Service
;MN-TRAINING16;Desktop;Groupe Misfat Filtration;En Service
;MN-TRAINING17;Desktop;Groupe Misfat Filtration;En Service
;MN-TRAINING18;Desktop;Groupe Misfat Filtration;En Service
;MN-TRAINING19;Desktop;Groupe Misfat Filtration;En Service
;MN-TRAINING20;Desktop;Groupe Misfat Filtration;En Service
;MN-TRAINING21;Desktop;Groupe Misfat Filtration;En Service
;MN-TRAINING22;Desktop;Groupe Misfat Filtration;En Service
;MN-TRAINING3;Desktop;Groupe Misfat Filtration;En Service
;MN-TRAINING4;Desktop;Groupe Misfat Filtration;En Service
;MN-TRAINING5;Desktop;Groupe Misfat Filtration;En Service
;MN-TRAINING6;Desktop;Groupe Misfat Filtration;En Service
;MN-TRAINING7;Desktop;Groupe Misfat Filtration;En Service
;MN-TRAINING8;Desktop;Groupe Misfat Filtration;En Service
;MN-TRAINING9;Desktop;Groupe Misfat Filtration;En Service
;MN-WAOUINI;Desktop;Groupe Misfat Filtration;Utilisation Provisoire > Disponible Chez Sce info
;MN-WIDED;Desktop;Groupe Misfat Filtration;En Service
;MN-WMEJRI;Desktop;Groupe Misfat Filtration;En Service
;MN-WMhadhbi;Desktop;Groupe Misfat Filtration;Utilisation Provisoire > Disponible Chez Sce info
;MN-WSAIDANI2;Desktop;Groupe Misfat Filtration;En Service
;MN-YJENDOUBI1;Desktop;Groupe Misfat Filtration;En Service
;MN-YTRABELSI;Desktop;Groupe Misfat Filtration;En Service
;MN1-MBENHARRATH;Desktop;Groupe Misfat Filtration;En Service
;MN3-GPalettes;Desktop;Groupe Misfat Filtration;En Service
;MN3-TV-ZC;Desktop;Groupe Misfat Filtration;En Service
;MN5-GHMANAI;Desktop;Groupe Misfat Filtration;En Service
;MN5-MABDSALEM;Desktop;Groupe Misfat Filtration;En Service
;MN5-MAGVN;Desktop;Groupe Misfat Filtration;En Service
;MN5-MBRINI;Desktop;Groupe Misfat Filtration;En Service
;MN5-MGuesmi;Desktop;Groupe Misfat Filtration;En Service
;MSassi;Desktop;Groupe Misfat Filtration;En Service
;MSmaoui;Mini Tower;Groupe Misfat Filtration;En Service
;MTRABELSI-1;Mini Tower;Groupe Misfat Filtration;Hors Service
;MTRABELSI-1;Desktop;Groupe Misfat Filtration;En Service
;MZIED;Mini Tower;Groupe Misfat Filtration;En Service
;NAbidi;Desktop;Groupe Misfat Filtration;En Service
;NBENMANJA;Desktop;Groupe Misfat Filtration;En Service
;Network;Mini Tower;Groupe Misfat Filtration;Utilisation Provisoire > Disponible Chez Sce info
;NKHALOUFI;Desktop;Groupe Misfat Filtration;Utilisation Provisoire > Disponible Chez Sce info
;NMEKNI;Desktop;Groupe Misfat Filtration;En Service
;NSA;Other;Groupe Misfat Filtration;En Service
;NTARROUAI;Desktop;Groupe Misfat Filtration;En Service
;OBEJAOUI;Desktop;Groupe Misfat Filtration;En Service
;OLD_AALOUI;Mini Tower;Groupe Misfat Filtration;Utilisation Provisoire > Disponible Chez Sce info
;OLD-HBOUHMI;Mini Tower;Groupe Misfat Filtration;Utilisation Provisoire > Disponible Chez Sce info
;OMejri;Desktop;Groupe Misfat Filtration;En Service
;OSMATI;Desktop;Groupe Misfat Filtration;En Service
;OSMATI2;Tower;Groupe Misfat Filtration;En Service
;PAD SE;Tablette;Groupe Misfat Filtration;En Service
;PANO_8050;PANO;Groupe Misfat Filtration;Hors Service
;PANO_8051;PANO;Groupe Misfat Filtration;Hors Service
;PANO_8052;PANO;Groupe Misfat Filtration;Hors Service
;PANO_8053;PANO;Groupe Misfat Filtration;Hors Service
;PANO_8054;PANO;Groupe Misfat Filtration;Hors Service
;PANO_8055;PANO;Groupe Misfat Filtration;Hors Service
;PANO_8056;PANO;Groupe Misfat Filtration;Hors Service
;PANO_8057;PANO;Groupe Misfat Filtration;Hors Service
;PANO_8058;PANO;Groupe Misfat Filtration;Hors Service
;PANO_8059;PANO;Groupe Misfat Filtration;Hors Service
;PANO_8060;PANO;Groupe Misfat Filtration;Hors Service
;PANO_8061;PANO;Groupe Misfat Filtration;Hors Service
;PANO_8062;PANO;Groupe Misfat Filtration;Hors Service
;PANO_8063;PANO;Groupe Misfat Filtration;Hors Service
;PANO_8064;PANO;Groupe Misfat Filtration;Hors Service
;PANO_8065;PANO;Groupe Misfat Filtration;Hors Service
;PANO_8066;PANO;Groupe Misfat Filtration;Hors Service
;PANO_8067;PANO;Groupe Misfat Filtration;Hors Service
;PANO_8068;PANO;Groupe Misfat Filtration;Hors Service
;PANO_8069;PANO;Groupe Misfat Filtration;Hors Service
;PANO_8448;PANO;Groupe Misfat Filtration;Hors Service
;PANO_8449;PANO;Groupe Misfat Filtration;Hors Service
;PANO_8450;PANO;Groupe Misfat Filtration;Hors Service
;PANO_8451;PANO;Groupe Misfat Filtration;Hors Service
;PANO_8452;PANO;Groupe Misfat Filtration;Hors Service
;PANO_8453;PANO;Groupe Misfat Filtration;Hors Service
;PANO_8454;PANO;Groupe Misfat Filtration;Hors Service
;PANO_8455;PANO;Groupe Misfat Filtration;Hors Service
;PANO_8456;PANO;Groupe Misfat Filtration;Hors Service
;PANO_8457;PANO;Groupe Misfat Filtration;Hors Service
;PANO_8458;PANO;Groupe Misfat Filtration;Hors Service
;PANO_8459;PANO;Groupe Misfat Filtration;Hors Service
;PANO_8460;PANO;Groupe Misfat Filtration;Hors Service
;PANO_8461;PANO;Groupe Misfat Filtration;Hors Service
;PANO_8462;PANO;Groupe Misfat Filtration;Hors Service
;PANO_8463;PANO;Groupe Misfat Filtration;Hors Service
;PANO_8464;PANO;Groupe Misfat Filtration;Hors Service
;PANO_8465;PANO;Groupe Misfat Filtration;Hors Service
;PANO_8466;PANO;Groupe Misfat Filtration;Hors Service
;PANO_8467;PANO;Groupe Misfat Filtration;Hors Service
;PANO-TEST;PANO;Groupe Misfat Filtration;Hors Service
;PC DE BUREAU DELL OPTIPLEX 3000 MFF;MINI pc DELL;Groupe Misfat Filtration;
;PC PORTABLE DELL LATITUDE 5520;PC Portable;Groupe Misfat Filtration;
;PC_11135;PC Portable;Groupe Misfat Filtration;
;PC_4652;PC Portable;Groupe Misfat Filtration;
;PC_HP15s;PC Portable;Groupe Misfat Filtration;
;PC_HP15s;PC Portable;Groupe Misfat Filtration;
;PC_Lenovo;PC Bureau;Groupe Misfat Filtration;
;PC_Portable_Toshiba_Protege_Z30-A;PC Portable;Groupe Misfat Filtration;
;PC-DMIS;Desktop;Groupe Misfat Filtration;
;PC-DVR-BILEL;Desktop;Groupe Misfat Filtration;
;PC-DVR-MG;Mini Tower;Groupe Misfat Filtration;
;PC-DVR-Mourad;Mini Tower;Groupe Misfat Filtration;
;PC-DVR-SAMI;Mini Tower;Groupe Misfat Filtration;
;PC-IMP-EPSON;Desktop;Groupe Misfat Filtration;
;PC-METHODES;Mini Tower;Groupe Misfat Filtration;
;PC-OUTILLAGE;Mini Tower;Groupe Misfat Filtration;
;PC-ROBOT-LFIN;Desktop;Groupe Misfat Filtration;
;PCM-AALHILAL;Desktop;Groupe Misfat Filtration;
;PCM-AASELGUI1;Desktop;Groupe Misfat Filtration;
;PCM-ABDELILAH;Desktop;Groupe Misfat Filtration;
;PCM-ALAHDIDI2;Desktop;Groupe Misfat Filtration;
;PCM-DVR;Mini Tower;Groupe Misfat Filtration;
;PCM-KNEBACH1;Desktop;Groupe Misfat Filtration;
;PCM-MAGPDR1;Desktop;Groupe Misfat Filtration;
;PCM-MFARAH;Desktop;Groupe Misfat Filtration;
;PCM-MJAFIR;Mini Tower;Groupe Misfat Filtration;
;PCM-MJAZAR;Desktop;Groupe Misfat Filtration;
;PCM-MP1;Mini Tower;Groupe Misfat Filtration;
;PCM-NTOURABI;Desktop;Groupe Misfat Filtration;
;PCM-SHNINI1;Desktop;Groupe Misfat Filtration;
;PO_ MAROC;PC Portable;Groupe Misfat Filtration;
;PO_1 / 4;PC Portable;Groupe Misfat Filtration;
;PO_10104;PC Portable;Groupe Misfat Filtration;
;PO_10489;PC Portable;Groupe Misfat Filtration;
;PO_122;PC Portable;Groupe Misfat Filtration;
;PO_123;PC Portable;Groupe Misfat Filtration;
;PO_124;PC Portable;Groupe Misfat Filtration;
;PO_125;PC Portable;Groupe Misfat Filtration;
;PO_1259;PC Portable;Groupe Misfat Filtration;
;PO_126;PC Portable;Groupe Misfat Filtration;
;PO_12600;PC Portable;Groupe Misfat Filtration;
;PO_127;PC Portable;Groupe Misfat Filtration;
;PO_128;PC Portable;Groupe Misfat Filtration;
;PO_12896;PC Portable;Groupe Misfat Filtration;
;PO_13470;PC Portable;Groupe Misfat Filtration;
;PO_13540;PC Portable;Groupe Misfat Filtration;
;PO_13541;PC Portable;Groupe Misfat Filtration;
;PO_1372;PC Portable;Groupe Misfat Filtration;
;PO_1373;PC Portable;Groupe Misfat Filtration;
;PO_13853;PC Portable;Groupe Misfat Filtration;
;PO_14060;PC Portable;Groupe Misfat Filtration;
;PO_14550;PC Portable;Groupe Misfat Filtration;
;PO_14579;PC Portable;Groupe Misfat Filtration;
;PO_14848;PC Portable;Groupe Misfat Filtration;
;PO_1524;PC Portable;Groupe Misfat Filtration;
;PO_1528;PC Portable;Groupe Misfat Filtration;
;PO_1637;PC Portable;Groupe Misfat Filtration;
;PO_1642;PC Portable;Groupe Misfat Filtration;
;PO_1657;PC Portable;Groupe Misfat Filtration;
;PO_1670;PC Portable;Groupe Misfat Filtration;
;PO_1678;PC Portable;Groupe Misfat Filtration;
;PO_1679;PC Portable;Groupe Misfat Filtration;
;PO_1690;PC Portable;Groupe Misfat Filtration;
;PO_1757;PC Portable;Groupe Misfat Filtration;
;PO_1806;PC Portable;Groupe Misfat Filtration;
;PO_1825;PC Portable;Groupe Misfat Filtration;
;PO_1826;PC Portable;Groupe Misfat Filtration;
;PO_1872;PC Portable;Groupe Misfat Filtration;
;PO_1880;PC Portable;Groupe Misfat Filtration;
;PO_1927;PC Portable;Groupe Misfat Filtration;
;PO_1963;PC Portable;Groupe Misfat Filtration;
;PO_1980;PC Portable;Groupe Misfat Filtration;
;PO_201100121 / 1;PC Portable;Groupe Misfat Filtration;
;PO_201100121 / 1;PC Portable;Groupe Misfat Filtration;
;PO_201100138 / 1;PC Portable;Groupe Misfat Filtration;
;PO_201300945 / 1;PC Portable;Groupe Misfat Filtration;
;PO_201400180 / 1;PC Portable;Groupe Misfat Filtration;
;PO_201400185 / 1;PC Portable;Groupe Misfat Filtration;
;PO_20182167 / 1;PC Portable;Groupe Misfat Filtration;
;PO_203;PC Portable;Groupe Misfat Filtration;
;PO_2064;PC Portable;Groupe Misfat Filtration;
;PO_2082;PC Portable;Groupe Misfat Filtration;
;PO_2083;PC Portable;Groupe Misfat Filtration;
;PO_2084;PC Portable;Groupe Misfat Filtration;
;PO_2085;PC Portable;Groupe Misfat Filtration;
;PO_2120;PC Portable;Groupe Misfat Filtration;
;PO_2121;PC Portable;Groupe Misfat Filtration;
;PO_2160;PC Portable;Groupe Misfat Filtration;
;PO_2385;PC Portable;Groupe Misfat Filtration;
;PO_2625;PC Portable;Groupe Misfat Filtration;
;PO_332 / 1;PC Portable;Groupe Misfat Filtration;
;PO_4079;PC Portable;Groupe Misfat Filtration;
;PO_414;PC Portable;Groupe Misfat Filtration;
;PO_432;PC Portable;Groupe Misfat Filtration;
;PO_4673;PC Portable;Groupe Misfat Filtration;
;PO_4974;PC Portable;Groupe Misfat Filtration;
;PO_513;PC Portable;Groupe Misfat Filtration;
;PO_5333;PC Portable;Groupe Misfat Filtration;
;PO_5488;PC Portable;Groupe Misfat Filtration;
;PO_5497;PC Portable;Groupe Misfat Filtration;
;PO_5503;PC Portable;Groupe Misfat Filtration;
;PO_5504;PC Portable;Groupe Misfat Filtration;
;PO_5505;PC Portable;Groupe Misfat Filtration;
;PO_663;PC Portable;Groupe Misfat Filtration;
;PO_664;PC Portable;Groupe Misfat Filtration;
;PO_693;PC Portable;Groupe Misfat Filtration;
;PO_7460;PC Portable;Groupe Misfat Filtration;
;PO_7829;PC Portable;Groupe Misfat Filtration;
;PO_8142;PC Portable;Groupe Misfat Filtration;
;PO_9010;PC Portable;Groupe Misfat Filtration;
;PO_9409;PC Portable;Groupe Misfat Filtration;
;PO_9660;PC Portable;Groupe Misfat Filtration;
;PO_amine;PC Portable;Groupe Misfat Filtration;
;PO_DELL;PC Portable;Groupe Misfat Filtration;
;PO_DELL;PC Portable;Groupe Misfat Filtration;
;PO_DELL;PC Portable;Groupe Misfat Filtration;
;PO_DELL;PC Portable;Groupe Misfat Filtration;
;PO_DELL;PC Portable;Groupe Misfat Filtration;
;PO_DELL;PC Portable;Groupe Misfat Filtration;
;PO_DELL;PC Portable;Groupe Misfat Filtration;
;PO_DELL;PC Portable;Groupe Misfat Filtration;
;PO_DELL;PC Portable;Groupe Misfat Filtration;
;PO_DELL;PC Portable;Groupe Misfat Filtration;
;PO_DELL;PC Portable;Groupe Misfat Filtration;
;PO_DELL;PC Portable;Groupe Misfat Filtration;
;PO_DELL;Portable;Groupe Misfat Filtration;
;PO_DELL;Portable;Groupe Misfat Filtration;
;PO_DELL;Portable;Groupe Misfat Filtration;
;PO_DELL;PC Portable;Groupe Misfat Filtration;
;PO_DELL_Don;PC Portable;Groupe Misfat Filtration;
;PO_Dell5540;PC Portable;Groupe Misfat Filtration;
;PO_DON;PC Portable;Groupe Misfat Filtration;
;PO_DORRA de Maroc;PC Portable;Groupe Misfat Filtration;
;PO_HPdw3084nk;PC Portable;Groupe Misfat Filtration;
;PO_HPdw3084nk;PC Portable;Groupe Misfat Filtration;
;PO_HPdw3084nk;PC Portable;Groupe Misfat Filtration;
;PO_HPdw3084nk;PC Portable;Groupe Misfat Filtration;
;PO_HPdw3084nk;PC Portable;Groupe Misfat Filtration;
;PO_HPdw3084nk;PC Portable;Groupe Misfat Filtration;
;PO_HPdw3084nk;PC Portable;Groupe Misfat Filtration;
;PO_HPdw3084nk;PC Portable;Groupe Misfat Filtration;
;PO_HPdw3084nk;PC Portable;Groupe Misfat Filtration;
;PO_HPdw3084nk;PC Portable;Groupe Misfat Filtration;
;PO_HPdw3084nk;PC Portable;Groupe Misfat Filtration;
;PO_HPdw3084nk;PC Portable;Groupe Misfat Filtration;
;PO_HPdw3084nk;PC Portable;Groupe Misfat Filtration;
;PO_HPdw3084nk;PC Portable;Groupe Misfat Filtration;
;PO_HPdw3084nk;PC Portable;Groupe Misfat Filtration;
;PO_HPdw3084nk;PC Portable;Groupe Misfat Filtration;
;PO_HPdw3084nk;PC Portable;Groupe Misfat Filtration;
;PO_HPdw3084nk;PC Portable;Groupe Misfat Filtration;
;PO_HPdw3084nk;PC Portable;Groupe Misfat Filtration;
;PO_HPdw3084nk;PC Portable;Groupe Misfat Filtration;
;PO_HPdw3084nk;PC Portable;Groupe Misfat Filtration;
;PO_HPdw3084nk;PC Portable;Groupe Misfat Filtration;
;PO_HPdw3084nk;PC Portable;Groupe Misfat Filtration;
;PO_KHDOUIK2;PC Portable;Groupe Misfat Filtration;
;PO_Latitude3540;PC Portable;Groupe Misfat Filtration;
;PO_MCHAFFAI;PC Portable;Groupe Misfat Filtration;
;PO_SAMICHENENAOUI;PC Portable;Groupe Misfat Filtration;
;PO-;Notebook;Groupe Misfat Filtration;
;PO-10946;PC Portable;Groupe Misfat Filtration;
;PO-10953;PC Portable;Groupe Misfat Filtration;
;PO-11585;PC Portable;Groupe Misfat Filtration;
;PO-12598;PC Portable;Groupe Misfat Filtration;
;PO-12892;PC Portable;Groupe Misfat Filtration;
;PO-20180323 / 1;PC Portable;Groupe Misfat Filtration;
;PO-2BX2CW1;Laptop;Groupe Misfat Filtration;
;PO-334VP03;Notebook;Groupe Misfat Filtration;
;PO-3GPYN12;Laptop;Groupe Misfat Filtration;
;PO-4358N93;Notebook;Groupe Misfat Filtration;
;PO-682VXZ1;Laptop;Groupe Misfat Filtration;
;PO-8LRNTJ2;Notebook;Groupe Misfat Filtration;
;PO-8Q1TWL1;Laptop;Groupe Misfat Filtration;
;PO-9XYZFH2;Notebook;Groupe Misfat Filtration;
;PO-AABDELLI;Notebook;Groupe Misfat Filtration;
;PO-AALOUI;Notebook;Groupe Misfat Filtration;
;PO-AAouini;Notebook;Groupe Misfat Filtration;
;PO-ABENAYED;Notebook;Groupe Misfat Filtration;
;PO-ABOUDEGGA;Notebook;Groupe Misfat Filtration;
;PO-ABOUDOUGA2;Notebook;Groupe Misfat Filtration;
;PO-ACHAABANI;Notebook;Groupe Misfat Filtration;
;PO-ADOUFANI;Notebook;Groupe Misfat Filtration;
;PO-AELLOUMI;Notebook;Groupe Misfat Filtration;
;PO-AFOURATI;Notebook;Groupe Misfat Filtration;
;PO-AMASTOURI1;Notebook;Groupe Misfat Filtration;
;PO-AMECHMECH1;Notebook;Groupe Misfat Filtration;
;PO-AMOKNI;Notebook;Groupe Misfat Filtration;
;PO-ANAHALI;Notebook;Groupe Misfat Filtration;
;PO-AOCHI;Notebook;Groupe Misfat Filtration;
;PO-ASELMI;Notebook;Groupe Misfat Filtration;
;PO-ASUS-TêLêTRAVAIL;Notebook;Groupe Misfat Filtration;
;PO-BABASSI2;Notebook;Groupe Misfat Filtration;
;PO-BCHABBOUH2;Notebook;Groupe Misfat Filtration;
;PO-BENOTHMEN2;Laptop;Groupe Misfat Filtration;
;PO-BROMDHANE;Notebook;Groupe Misfat Filtration;
;PO-CTHAIRI;Notebook;Groupe Misfat Filtration;
;PO-DC8VN72-2;Docking Station;Groupe Misfat Filtration;
;PO-DELL;PC Portable;Groupe Misfat Filtration;
;PO-DEVPROCESS;Notebook;Groupe Misfat Filtration;
;PO-DRWF5S1;Laptop;Groupe Misfat Filtration;
;PO-DSIALA;Notebook;Groupe Misfat Filtration;
;PO-EAOUINI;Notebook;Groupe Misfat Filtration;
;PO-EBEJAOUI;Notebook;Groupe Misfat Filtration;
;PO-EKALECH;Notebook;Groupe Misfat Filtration;
;PO-Farouk;Notebook;Groupe Misfat Filtration;
;PO-FGHARBI;Notebook;Groupe Misfat Filtration;
;PO-FH9DYY1;Laptop;Groupe Misfat Filtration;
;PO-FHAMIDA;Notebook;Groupe Misfat Filtration;
;PO-GAOUINI;Notebook;Groupe Misfat Filtration;
;PO-GAOUINI2;Notebook;Groupe Misfat Filtration;
;PO-GPX0CT1;Laptop;Groupe Misfat Filtration;
;PO-GPX3CT1;Laptop;Groupe Misfat Filtration;
;PO-HAOUINI2;Notebook;Groupe Misfat Filtration;
;PO-HBENSALAH1;Notebook;Groupe Misfat Filtration;
;PO-HGHARIANI;Notebook;Groupe Misfat Filtration;
;PO-HGHARIANI1;Notebook;Groupe Misfat Filtration;
;PO-HGHRAM;Notebook;Groupe Misfat Filtration;
;PO-HGUESMI;Notebook;Groupe Misfat Filtration;
;PO-HRB16R1;Laptop;Groupe Misfat Filtration;
;PO-HRomdhane1;Notebook;Groupe Misfat Filtration;
;PO-HSAKKA;Notebook;Groupe Misfat Filtration;
;PO-HVW59S2;Notebook;Groupe Misfat Filtration;
;PO-IBENSALAH1;Notebook;Groupe Misfat Filtration;
;PO-IELLOUZE;Convertible;Groupe Misfat Filtration;
;PO-IELLOUZE2;PC Portable;Groupe Misfat Filtration;
;PO-INTERVENTION;Notebook;Groupe Misfat Filtration;
;PO-J80S8D3;Notebook;Groupe Misfat Filtration;
;PO-JN9DYY1;Laptop;Groupe Misfat Filtration;
;PO-KADOUIK;Notebook;Groupe Misfat Filtration;
;PO-KFITOURI1;Notebook;Groupe Misfat Filtration;
;PO-KHedhli;Notebook;Groupe Misfat Filtration;
;PO-KREBAI;Docking Station;Groupe Misfat Filtration;
;PO-KSELMI;Notebook;Groupe Misfat Filtration;
;PO-LOUKSAYER;Notebook;Groupe Misfat Filtration;
;PO-MANAR;Notebook;Groupe Misfat Filtration;
;PO-MATRIGUI;Notebook;Groupe Misfat Filtration;
;PO-MAYED1;Notebook;Groupe Misfat Filtration;
;PO-MBENOTHMEN;Notebook;Groupe Misfat Filtration;
;PO-MBERHOUMA1;Notebook;Groupe Misfat Filtration;
;PO-MCHAARI;Laptop;Groupe Misfat Filtration;
;PO-MDRIDI1;Laptop;Groupe Misfat Filtration;
;PO-MGHARBI;Docking Station;Groupe Misfat Filtration;
;PO-MGUERMAZI-HP;Convertible;Groupe Misfat Filtration;
;PO-MHADDAOUI;Notebook;Groupe Misfat Filtration;
;PO-MHZOUARI;Notebook;Groupe Misfat Filtration;
;PO-MJENDOUBI;Notebook;Groupe Misfat Filtration;
;PO-MKHDOUIK1;Notebook;Groupe Misfat Filtration;
;PO-MMAHJOUB;Notebook;Groupe Misfat Filtration;
;PO-MSNAFTI;Notebook;Groupe Misfat Filtration;
;PO-MWasti;Laptop;Groupe Misfat Filtration;
;PO-MWasti2;Notebook;Groupe Misfat Filtration;
;PO-NBoughanmi;Laptop;Groupe Misfat Filtration;
;PO-NCHAIBI;Docking Station;Groupe Misfat Filtration;
;PO-NKALAI2;Notebook;Groupe Misfat Filtration;
;PO-NMABROUK;Notebook;Groupe Misfat Filtration;
;PO-OJENDOUBI2;Notebook;Groupe Misfat Filtration;
;PO-OTROUDI;Laptop;Groupe Misfat Filtration;
;PO-PF1G4920;Notebook;Groupe Misfat Filtration;
;PO-PF1W5MTB;PC Portable;Groupe Misfat Filtration;
;PO-RBALENOVO;Convertible;Groupe Misfat Filtration;
;PO-RBENAYEDDELL;Notebook;Groupe Misfat Filtration;
;PO-RBENAYEDX240;Notebook;Groupe Misfat Filtration;
;PO-RNOUICHI;Notebook;Groupe Misfat Filtration;
;PO-SACHENENAOUI;Notebook;Groupe Misfat Filtration;
;PO-SCHENNAOUI;Notebook;Groupe Misfat Filtration;
;PO-SDRAOUI1;Notebook;Groupe Misfat Filtration;
;PO-SFERYANI1;Notebook;Groupe Misfat Filtration;
;PO-SHAJRI2;Notebook;Groupe Misfat Filtration;
;PO-SJEBALI;Notebook;Groupe Misfat Filtration;
;PO-SJRIDI;Notebook;Groupe Misfat Filtration;
;PO-SMILADI;Notebook;Groupe Misfat Filtration;
;PO-SREUNION-DG;Notebook;Groupe Misfat Filtration;
;PO-SREUNION-RDC;PC Portable;Groupe Misfat Filtration;
;PO-SSEHLI;Notebook;Groupe Misfat Filtration;
;PO-SSIALA2;Notebook;Groupe Misfat Filtration;
;PO-SZAFFATI;Notebook;Groupe Misfat Filtration;
;PO-teletravail2;Notebook;Groupe Misfat Filtration;
;PO-TELETRAVAIL3;Notebook;Groupe Misfat Filtration;
;PO-TELETRAVAIL4_13544;PC Portable;Groupe Misfat Filtration;
;PO-TRANSIT;PC Portable;Groupe Misfat Filtration;
;PO-TRANSIT-APUR;Notebook;Groupe Misfat Filtration;
;PO-WKEDIDI;Notebook;Groupe Misfat Filtration;
;PO-WMHADHBI;Notebook;Groupe Misfat Filtration;
;PO-YMOAKHER;Notebook;Groupe Misfat Filtration;
;PO-YTARHOUNI;Notebook;Groupe Misfat Filtration;
;PO-YYAAKOUBI2;Notebook;Groupe Misfat Filtration;
;PO-ZBENAZOUZ;Docking Station;Groupe Misfat Filtration;
;PO-ZBZ-OLD;Notebook;Groupe Misfat Filtration;
;PO8BCJC82SSD;Portable;Groupe Misfat Filtration;
;point d'acce;;Groupe Misfat Filtration;
;point d'accäs;;Groupe Misfat Filtration;
;point d'accäs Fortinet;;Groupe Misfat Filtration;
;POM-MAGASIN;;Groupe Misfat Filtration;
;POM-MBANI2;;Groupe Misfat Filtration;
;POM-NLoulidi;;Groupe Misfat Filtration;
;POM-NLOULIDI2;;Groupe Misfat Filtration;
;POM-PRODUCTION;;Groupe Misfat Filtration;
;POM-SELHARRADI;;Groupe Misfat Filtration;
;PPM546;;Groupe Misfat Filtration;
;PQ-ATELIIEROUT2;;Groupe Misfat Filtration;
;PQ1--B03B10;;Groupe Misfat Filtration;
;PQ1-ATEL-MAIN;;Groupe Misfat Filtration;
;PQ1-ATELIERMATIERE;;Groupe Misfat Filtration;
;PQ1-B03B10;;Groupe Misfat Filtration;
;PQ1-B03B10;;Groupe Misfat Filtration;
;PQ1-B11B14;;Groupe Misfat Filtration;
;PQ1-BYPASS;;Groupe Misfat Filtration;
;PQ1-C04C24;;Groupe Misfat Filtration;
;PQ1-C35C38;;Groupe Misfat Filtration;
;PQ1-HYD;;Groupe Misfat Filtration;
;PQ1-HYD-ancien;;Groupe Misfat Filtration;
;PQ1-HYDAUTO;;Groupe Misfat Filtration;
;PQ1-HYDAUTO;;Groupe Misfat Filtration;
;PQ1-LPINT-intel;;Groupe Misfat Filtration;
;PQ1-PAOT;;Groupe Misfat Filtration;
;PQ1-PAOT2;;Groupe Misfat Filtration;
;PQ1-PAPR;;Groupe Misfat Filtration;
;PQ1-PEINT;;Groupe Misfat Filtration;
;PQ1-PEINT;;Groupe Misfat Filtration;
;PQ1-PEINT;;Groupe Misfat Filtration;
;PQ1-PEINTAUTO;;Groupe Misfat Filtration;
;PQ1-PRFAAI;;Groupe Misfat Filtration;
;PQ2-D06D16;;Groupe Misfat Filtration;
;PQ2-D27;;Groupe Misfat Filtration;
;PQ2-D30;;Groupe Misfat Filtration;
;PQ2-F66C30;;Groupe Misfat Filtration;
;PQ2-LCART;;Groupe Misfat Filtration;
;PQ2-LCARTAUTO;;Groupe Misfat Filtration;
;PQ2-LFAI;;Groupe Misfat Filtration;
;PQ2-LFAV1;;Groupe Misfat Filtration;
;PQ2-LFAV2;;Groupe Misfat Filtration;
;PQ2-LFAV2-Intel;;Groupe Misfat Filtration;
;PQ2-LFAV3;;Groupe Misfat Filtration;
;PQ2-LFAVAUTO;;Groupe Misfat Filtration;
;PQ2-LFGR1;;Groupe Misfat Filtration;
;PQ2-LFGR2;;Groupe Misfat Filtration;
;PQ2-LFGR3;;Groupe Misfat Filtration;
;PQ2-PAPL;;Groupe Misfat Filtration;
;PQ3-BANDE;;Groupe Misfat Filtration;
;PQ3-D02;;Groupe Misfat Filtration;
;PQ3-D03D31;;Groupe Misfat Filtration;
;PQ3-D18;;Groupe Misfat Filtration;
;PQ3-D28D14;;Groupe Misfat Filtration;
;PQ3-D29;;Groupe Misfat Filtration;
;PQ3-ESSENCE;;Groupe Misfat Filtration;
;PQ3-G19;;Groupe Misfat Filtration;
;PQ3-G19;;Groupe Misfat Filtration;
;PQ3-G26;;Groupe Misfat Filtration;
;PQ3-G33;;Groupe Misfat Filtration;
;PQ3-G39;;Groupe Misfat Filtration;
;PQ3-H04;;Groupe Misfat Filtration;
;PQ3-H04;;Groupe Misfat Filtration;
;PQ3-H08H27;;Groupe Misfat Filtration;
;PQ3-H39;;Groupe Misfat Filtration;
;PQ3-H44-P25-I08;;Groupe Misfat Filtration;
;PQ3-H46;;Groupe Misfat Filtration;
;PQ3-H53;;Groupe Misfat Filtration;
;PQ3-H53-old;;Groupe Misfat Filtration;
;PQ3-H55;;Groupe Misfat Filtration;
;PQ3-H55;;Groupe Misfat Filtration;
;PQ3-ISOTHERME;;Groupe Misfat Filtration;
;PQ3-KITJOINT;;Groupe Misfat Filtration;
;PQ3-LESSENCE;;Groupe Misfat Filtration;
;PQ3-LESSENCE;;Groupe Misfat Filtration;
;PQ3-LFAA1;;Groupe Misfat Filtration;
;PQ3-LFAAI;;Groupe Misfat Filtration;
;PQ3-LFAH;;Groupe Misfat Filtration;
;PQ3-LFAP;;Groupe Misfat Filtration;
;PQ3-LFAP;;Groupe Misfat Filtration;
;PQ3-LFAP;;Groupe Misfat Filtration;
;PQ3-LFEC-HP MINI PC;;Groupe Misfat Filtration;
;PQ3-LFFP;;Groupe Misfat Filtration;
;PQ3-LFH;;Groupe Misfat Filtration;
;PQ3-LFH53;;Groupe Misfat Filtration;
;PQ3-LFHYD;;Groupe Misfat Filtration;
;PQ3-LFVN02;;Groupe Misfat Filtration;
;PQ3-LFVN1;;Groupe Misfat Filtration;
;PQ3-LINP;;Groupe Misfat Filtration;
;PQ3-LPFAP1;;Groupe Misfat Filtration;
;PQ3-LPH;;Groupe Misfat Filtration;
;PQ3-M21M41;;Groupe Misfat Filtration;
;PQ3-MONOBLOC;;Groupe Misfat Filtration;
;PQ3-N25N29;;Groupe Misfat Filtration;
;PQ3-P47;;Groupe Misfat Filtration;
;PQ3-PAPL3;;Groupe Misfat Filtration;
;PQ3-Q01M43;;Groupe Misfat Filtration;
;PQ4-LFVN;;Groupe Misfat Filtration;
;PQ5-C2;;Groupe Misfat Filtration;
;PQ5-C3;;Groupe Misfat Filtration;
;PQ5-C4;;Groupe Misfat Filtration;
;PQ5-C5;;Groupe Misfat Filtration;
;PQ5-LFAP-FIN;;Groupe Misfat Filtration;
;PQ5-LFVN01;;Groupe Misfat Filtration;
;PQM-MAGEXPORT;;Groupe Misfat Filtration;
;PQM-MT1-New;;Groupe Misfat Filtration;
;PQM-MT2;;Groupe Misfat Filtration;
;PQM-PR1;;Groupe Misfat Filtration;
;PQM-PR2;;Groupe Misfat Filtration;
;Precision 3650 Tower;;Groupe Misfat Filtration;
;RBECHIR;;Groupe Misfat Filtration;
;RD-BEC01;;Groupe Misfat Filtration;
;RD-BEH;;Groupe Misfat Filtration;
;RD-BEH;;Groupe Misfat Filtration;
;RD-BPCE;;Groupe Misfat Filtration;
;REUNOUTILLAGE;;Groupe Misfat Filtration;
;RJridi;;Groupe Misfat Filtration;
;RSAHLIE;;Groupe Misfat Filtration;
;SCHENNAOUI;;Groupe Misfat Filtration;
;SECOURS-M3;;Groupe Misfat Filtration;
;SGHARIANI;;Groupe Misfat Filtration;
;SHAMMAMII;;Groupe Misfat Filtration;
;SHEZZI;;Groupe Misfat Filtration;
;siqtic-PC;;Groupe Misfat Filtration;
;SKalech;;Groupe Misfat Filtration;
;SKAMMOUN1;;Groupe Misfat Filtration;
;Smarrouki;;Groupe Misfat Filtration;
;SMARTBOARD-DG;;Groupe Misfat Filtration;
;SMARTBOARD-M2;;Groupe Misfat Filtration;
;SOZOGHLAMI;;Groupe Misfat Filtration;
;SRABAI;;Groupe Misfat Filtration;
;SRV_2435;;Groupe Misfat Filtration;
;SRV_3095;;Groupe Misfat Filtration;
;SRV_SSEC_LTM;;Groupe Misfat Filtration;
;SRV-AXXON1;;Groupe Misfat Filtration;
;SRV-AXXON2;;Groupe Misfat Filtration;
;SRV-BACKUPINDUS;;Groupe Misfat Filtration;
;SRV-BackupIndust;;Groupe Misfat Filtration;
;SRV-DCMMA1;;Groupe Misfat Filtration;
;SRV-DCMMA2;;Groupe Misfat Filtration;
;SRV-HV1;;Groupe Misfat Filtration;
;SRV-HV10;;Groupe Misfat Filtration;
;SRV-HV11;;Groupe Misfat Filtration;
;SRV-HV12;;Groupe Misfat Filtration;
;SRV-HV2;;Groupe Misfat Filtration;
;SRV-HV20;;Groupe Misfat Filtration;
;SRV-HV3;;Groupe Misfat Filtration;
;SRV-HV4;;Groupe Misfat Filtration;
;SRV-HV6;;Groupe Misfat Filtration;
;SRV-HV7;;Groupe Misfat Filtration;
;SRV-HV8;;Groupe Misfat Filtration;
;SRV-HV9;;Groupe Misfat Filtration;
;SRV-HVSEC;;Groupe Misfat Filtration;
;SRV-HVSEC1;;Groupe Misfat Filtration;
;srv-info1;;Groupe Misfat Filtration;
;srv-info1;;Groupe Misfat Filtration;
;SRV-INFO2;;Groupe Misfat Filtration;
;SRV-Licensing;;Groupe Misfat Filtration;
;SRV-TTNMISFAT;;Groupe Misfat Filtration;
;SRV-TTNSOL;;Groupe Misfat Filtration;
;SRVTSE03;;Groupe Misfat Filtration;
;SSAHLI;;Groupe Misfat Filtration;
;SSAYEH2;;Groupe Misfat Filtration;
;SSLAMA;;Groupe Misfat Filtration;
;SSMATI;;Groupe Misfat Filtration;
;ST_12856;;Groupe Misfat Filtration;
;ST_2039;;Groupe Misfat Filtration;
;ST_2044;;Groupe Misfat Filtration;
;ST_2047;;Groupe Misfat Filtration;
;ST_2048;;Groupe Misfat Filtration;
;ST_2049;;Groupe Misfat Filtration;
;ST_2053;;Groupe Misfat Filtration;
;ST_5335;;Groupe Misfat Filtration;
;ST_6702;;Groupe Misfat Filtration;
;ST_LABO4;;Groupe Misfat Filtration;
;ST_R&D_MTC01;;Groupe Misfat Filtration;
;STATION ASUS PRO ART;;Groupe Misfat Filtration;
;STAYACHI;;Groupe Misfat Filtration;
;STG-ETIQUETTE;;Groupe Misfat Filtration;
;SURVEILLANT-M3;;Groupe Misfat Filtration;
;SV_1274;;Groupe Misfat Filtration;
;SV_2081;;Groupe Misfat Filtration;
;SV_2911;;Groupe Misfat Filtration;
;SV_3178;;Groupe Misfat Filtration;
;SV_3285;;Groupe Misfat Filtration;
;SV_3297;;Groupe Misfat Filtration;
;SV_3339;;Groupe Misfat Filtration;
;SV_5412;;Groupe Misfat Filtration;
;Switch aruba 60048-FAJA;;Groupe Misfat Filtration;
;Switch aruba 60048-FAJA;;Groupe Misfat Filtration;
;Switch aruba 60048-FAJA;;Groupe Misfat Filtration;
;Switch aruba 60048-FAJA;;Groupe Misfat Filtration;
;Switch aruba 60048-FAJA;;Groupe Misfat Filtration;
;Switch aruba 60048-FAJA;;Groupe Misfat Filtration;
;Switch aruba 60048-FAJA;;Groupe Misfat Filtration;
;Switch aruba 60048-FAJA;;Groupe Misfat Filtration;
;Switch aruba 60048-FAJA;;Groupe Misfat Filtration;
;Switch aruba 60048-FAJA;;Groupe Misfat Filtration;
;Switch aruba 60048-FAJA;;Groupe Misfat Filtration;
;Switch aruba 60048-FAJA;;Groupe Misfat Filtration;
;TAB_REALME_PADMINI;;Groupe Misfat Filtration;
;Tablette;;Groupe Misfat Filtration;
;tablette Xiaomi;;Groupe Misfat Filtration;
;tablette Xiaomi;;Groupe Misfat Filtration;
;Tablette_Nokia;;Groupe Misfat Filtration;
;TB_201400520 / 1;;Groupe Misfat Filtration;
;TB_7349;;Groupe Misfat Filtration;
;TCM01;;Groupe Misfat Filtration;
;TFITOUR2;;Groupe Misfat Filtration;
;TOURNUMERIQUE;;Groupe Misfat Filtration;
;TTROUDI;;Groupe Misfat Filtration;
;TV1-EMB;;Groupe Misfat Filtration;
;TV1-EMB-AUTO;;Groupe Misfat Filtration;
;TV1-TARAUDAGE;;Groupe Misfat Filtration;
;TV2-LFIM;;Groupe Misfat Filtration;
;TV2-SERTISSAGE;;Groupe Misfat Filtration;
;TV3-G19;;Groupe Misfat Filtration;
;TV3-G26;;Groupe Misfat Filtration;
;TV3-G33;;Groupe Misfat Filtration;
;TV3-G39;;Groupe Misfat Filtration;
;TV3-H46;;Groupe Misfat Filtration;
;TV3-HABITACLE;;Groupe Misfat Filtration;
;TV3-PLISSAGE;;Groupe Misfat Filtration;
;TV5-LFAP;;Groupe Misfat Filtration;
;UC_1001;;Groupe Misfat Filtration;
;UC_1002;;Groupe Misfat Filtration;
;UC_1003;;Groupe Misfat Filtration;
;UC_1004;;Groupe Misfat Filtration;
;UC_10525;;Groupe Misfat Filtration;
;UC_1055;;Groupe Misfat Filtration;
;UC_1056;;Groupe Misfat Filtration;
;UC_1057;;Groupe Misfat Filtration;
;UC_1058;;Groupe Misfat Filtration;
;UC_1076;;Groupe Misfat Filtration;
;UC_1077;;Groupe Misfat Filtration;
;UC_10941;;Groupe Misfat Filtration;
;UC_1103;;Groupe Misfat Filtration;
;UC_1104;;Groupe Misfat Filtration;
;UC_1105;;Groupe Misfat Filtration;
;UC_1106;;Groupe Misfat Filtration;
;UC_1107;;Groupe Misfat Filtration;
;UC_1108;;Groupe Misfat Filtration;
;UC_1109;;Groupe Misfat Filtration;
;UC_11177;;Groupe Misfat Filtration;
;UC_1130;;Groupe Misfat Filtration;
;UC_1143;;Groupe Misfat Filtration;
;UC_1164;;Groupe Misfat Filtration;
;UC_1165;;Groupe Misfat Filtration;
;UC_1166;;Groupe Misfat Filtration;
;UC_1169;;Groupe Misfat Filtration;
;UC_1170;;Groupe Misfat Filtration;
;UC_1171;;Groupe Misfat Filtration;
;UC_1172;;Groupe Misfat Filtration;
;UC_1173;;Groupe Misfat Filtration;
;UC_1174;;Groupe Misfat Filtration;
;UC_1175;;Groupe Misfat Filtration;
;UC_1176;;Groupe Misfat Filtration;
;UC_1229;;Groupe Misfat Filtration;
;UC_1231;;Groupe Misfat Filtration;
;UC_1232;;Groupe Misfat Filtration;
;UC_1233;;Groupe Misfat Filtration;
;UC_1234;;Groupe Misfat Filtration;
;UC_1235;;Groupe Misfat Filtration;
;UC_1237;;Groupe Misfat Filtration;
;UC_1256;;Groupe Misfat Filtration;
;UC_1257;;Groupe Misfat Filtration;
;UC_1275;;Groupe Misfat Filtration;
;UC_1276;;Groupe Misfat Filtration;
;UC_1277;;Groupe Misfat Filtration;
;UC_1278;;Groupe Misfat Filtration;
;UC_1279;;Groupe Misfat Filtration;
;UC_129;;Groupe Misfat Filtration;
;UC_130;;Groupe Misfat Filtration;
;UC_1318;;Groupe Misfat Filtration;
;UC_132;;Groupe Misfat Filtration;
;UC_1326;;Groupe Misfat Filtration;
;UC_133;;Groupe Misfat Filtration;
;UC_1341;;Groupe Misfat Filtration;
;UC_1342;;Groupe Misfat Filtration;
;UC_1343;;Groupe Misfat Filtration;
;UC_1344;;Groupe Misfat Filtration;
;UC_1345;;Groupe Misfat Filtration;
;UC_1346;;Groupe Misfat Filtration;
;UC_1347;;Groupe Misfat Filtration;
;UC_1348;;Groupe Misfat Filtration;
;UC_1349;;Groupe Misfat Filtration;
;UC_135;;Groupe Misfat Filtration;
;UC_1364;;Groupe Misfat Filtration;
;UC_1365;;Groupe Misfat Filtration;
;UC_1366;;Groupe Misfat Filtration;
;UC_1377;;Groupe Misfat Filtration;
;UC_1378;;Groupe Misfat Filtration;
;UC_138;;Groupe Misfat Filtration;
;UC_139;;Groupe Misfat Filtration;
;UC_1401;;Groupe Misfat Filtration;
;UC_1402;;Groupe Misfat Filtration;
;UC_1403;;Groupe Misfat Filtration;
;UC_1408;;Groupe Misfat Filtration;
;UC_1409;;Groupe Misfat Filtration;
;UC_1410;;Groupe Misfat Filtration;
;UC_1411;;Groupe Misfat Filtration;
;UC_1430;;Groupe Misfat Filtration;
;UC_1431;;Groupe Misfat Filtration;
;UC_1435;;Groupe Misfat Filtration;
;UC_14371;;Groupe Misfat Filtration;
;UC_144;;Groupe Misfat Filtration;
;UC_14546;;Groupe Misfat Filtration;
;UC_14547;;Groupe Misfat Filtration;
;UC_14548;;Groupe Misfat Filtration;
;UC_14549;;Groupe Misfat Filtration;
;UC_1480;;Groupe Misfat Filtration;
;UC_1481;;Groupe Misfat Filtration;
;UC_1482;;Groupe Misfat Filtration;
;UC_1486;;Groupe Misfat Filtration;
;UC_1507;;Groupe Misfat Filtration;
;UC_1509;;Groupe Misfat Filtration;
;UC_1510;;Groupe Misfat Filtration;
;UC_1511;;Groupe Misfat Filtration;
;UC_1529;;Groupe Misfat Filtration;
;UC_1582;;Groupe Misfat Filtration;
;UC_1584;;Groupe Misfat Filtration;
;UC_15967;;Groupe Misfat Filtration;
;UC_1634;;Groupe Misfat Filtration;
;UC_1640;;Groupe Misfat Filtration;
;UC_1641;;Groupe Misfat Filtration;
;UC_1650;;Groupe Misfat Filtration;
;UC_1651;;Groupe Misfat Filtration;
;UC_1663;;Groupe Misfat Filtration;
;UC_1664;;Groupe Misfat Filtration;
;UC_1666;;Groupe Misfat Filtration;
;UC_1677;;Groupe Misfat Filtration;
;UC_1685;;Groupe Misfat Filtration;
;UC_1736;;Groupe Misfat Filtration;
;UC_1750;;Groupe Misfat Filtration;
;UC_1751;;Groupe Misfat Filtration;
;UC_1753;;Groupe Misfat Filtration;
;UC_1754;;Groupe Misfat Filtration;
;UC_1755;;Groupe Misfat Filtration;
;UC_1781;;Groupe Misfat Filtration;
;UC_1787;;Groupe Misfat Filtration;
;UC_1792;;Groupe Misfat Filtration;
;UC_1807;;Groupe Misfat Filtration;
;UC_1820;;Groupe Misfat Filtration;
;UC_1821;;Groupe Misfat Filtration;
;UC_1822;;Groupe Misfat Filtration;
;UC_1824;;Groupe Misfat Filtration;
;UC_1830;;Groupe Misfat Filtration;
;UC_1836;;Groupe Misfat Filtration;
;UC_1926;;Groupe Misfat Filtration;
;UC_1982;;Groupe Misfat Filtration;
;UC_201100063 / 1;;Groupe Misfat Filtration;
;UC_201200792 / 1;;Groupe Misfat Filtration;
;UC_209;;Groupe Misfat Filtration;
;UC_2171;;Groupe Misfat Filtration;
;UC_2172;;Groupe Misfat Filtration;
;UC_2380;;Groupe Misfat Filtration;
;UC_242;;Groupe Misfat Filtration;
;UC_2800;;Groupe Misfat Filtration;
;UC_3096;;Groupe Misfat Filtration;
;UC_3797;;Groupe Misfat Filtration;
;UC_3798;;Groupe Misfat Filtration;
;UC_3799;;Groupe Misfat Filtration;
;UC_3813;;Groupe Misfat Filtration;
;UC_3814;;Groupe Misfat Filtration;
;UC_4047;;Groupe Misfat Filtration;
;UC_4054;;Groupe Misfat Filtration;
;UC_4055;;Groupe Misfat Filtration;
;UC_4056;;Groupe Misfat Filtration;
;UC_4057;;Groupe Misfat Filtration;
;UC_4058;;Groupe Misfat Filtration;
;UC_4060;;Groupe Misfat Filtration;
;UC_4061;;Groupe Misfat Filtration;
;UC_4062;;Groupe Misfat Filtration;
;UC_4068;;Groupe Misfat Filtration;
;UC_4074;;Groupe Misfat Filtration;
;UC_4665;;Groupe Misfat Filtration;
;UC_4675;;Groupe Misfat Filtration;
;UC_4680;;Groupe Misfat Filtration;
;UC_4986;;Groupe Misfat Filtration;
;UC_5329;;Groupe Misfat Filtration;
;UC_5330;;Groupe Misfat Filtration;
;UC_5496;;Groupe Misfat Filtration;
;UC_63153_nocs;;Groupe Misfat Filtration;
;UC_6675;;Groupe Misfat Filtration;
;UC_6680;;Groupe Misfat Filtration;
;UC_6694;;Groupe Misfat Filtration;
;UC_6698;;Groupe Misfat Filtration;
;UC_6699;;Groupe Misfat Filtration;
;UC_7257;;Groupe Misfat Filtration;
;UC_8116;;Groupe Misfat Filtration;
;UC_9408;;Groupe Misfat Filtration;
;UC_ASUS_STATION;;Groupe Misfat Filtration;
;UC_Dell;;Groupe Misfat Filtration;
;UC_DEPOT_SFAX;;Groupe Misfat Filtration;
;UC_DON;;Groupe Misfat Filtration;
;UC_EsprimoE_Ancien_MagSF;;Groupe Misfat Filtration;
;UC_HS 207;;Groupe Misfat Filtration;
;UC_KHlAOUINI;;Groupe Misfat Filtration;
;UC_LABO BV01;;Groupe Misfat Filtration;
;UC_LABO_SCOTT;;Groupe Misfat Filtration;
;UC_LABO101;;Groupe Misfat Filtration;
;UC_LABO98;;Groupe Misfat Filtration;
;UC_LABO99;;Groupe Misfat Filtration;
;UC_LABOBES2;;Groupe Misfat Filtration;
;UC_Optiplex3020;;Groupe Misfat Filtration;
;UC_ZSAID;;Groupe Misfat Filtration;
;UC-AALOUI;;Groupe Misfat Filtration;
;UC-ASEHLI;;Groupe Misfat Filtration;
;UC-BBEJAOUI;;Groupe Misfat Filtration;
;UC-CCHERIF;;Groupe Misfat Filtration;
;UC-DELL;;Groupe Misfat Filtration;
;UC-DELL;;Groupe Misfat Filtration;
;UC-DEVPROCESS;;Groupe Misfat Filtration;
;UC-DEVPROCESS;;Groupe Misfat Filtration;
;UC-DHAMMAMI;;Groupe Misfat Filtration;
;UC-DHAMMAMI;;Groupe Misfat Filtration;
;UC-FBOUTERAA;;Groupe Misfat Filtration;
;UC-HBOUAZIZ;;Groupe Misfat Filtration;
;UC-HMBAREK;;Groupe Misfat Filtration;
;UC-HYOUNSI;;Groupe Misfat Filtration;
;UC-IBEJAOUI;;Groupe Misfat Filtration;
;UC-IFTITI;;Groupe Misfat Filtration;
;UC-JISMAILI;;Groupe Misfat Filtration;
;UC-MACHINE-LASER;;Groupe Misfat Filtration;
;UC-MAGAZUR;;Groupe Misfat Filtration;
;UC-MBEJAOUI;;Groupe Misfat Filtration;
;UC-MHZOAURI;;Groupe Misfat Filtration;
;UC-MJENDOUBI;;Groupe Misfat Filtration;
;UC-MOARFAOUI;;Groupe Misfat Filtration;
;UC-MONTAGEOUT;;Groupe Misfat Filtration;
;UC-NHAMROUNI;;Groupe Misfat Filtration;
;UC-OHAMMAMI;;Groupe Misfat Filtration;
;UC-PARC-EDM;;Groupe Misfat Filtration;
;UC-SSEHLI;;Groupe Misfat Filtration;
;UC1-INEFZI;;Groupe Misfat Filtration;
;UC1-KMHADHBI;;Groupe Misfat Filtration;
;UC1-MAMAROUANI;;Groupe Misfat Filtration;
;UC1-RHAMMAMI;;Groupe Misfat Filtration;
;UC1-RRAHMOUNI;;Groupe Misfat Filtration;
;UC1-STCOMPTA;;Groupe Misfat Filtration;
;UC2-MADRIDI;;Groupe Misfat Filtration;
;UC4-CTHAIRI;;Groupe Misfat Filtration;
;UC4-DOUANE;;Groupe Misfat Filtration;
;UC4-MAGAZUR;;Groupe Misfat Filtration;
;UC4-MAGEXPORT1;;Groupe Misfat Filtration;
;UC4-MAGSOLTN2;;Groupe Misfat Filtration;
;UC4-SOLTN;;Groupe Misfat Filtration;
;UC5-ABOUSAIDI;;Groupe Misfat Filtration;
;UC5-GManai;;Groupe Misfat Filtration;
;UC5-MAINTENANCE;;Groupe Misfat Filtration;
;UC5-RMLIKI1;;Groupe Misfat Filtration;
;Win10;;Groupe Misfat Filtration;
;WKEDIDI;;Groupe Misfat Filtration;
;WS5-LogGar1;;Groupe Misfat Filtration;
;WS5-LogGar2;;Groupe Misfat Filtration;
;WS5-PCS1;;Groupe Misfat Filtration;
;WS5-PCS2;;Groupe Misfat Filtration;
;YASMATI;;Groupe Misfat Filtration;
;YBOUCHAMI1;;Groupe Misfat Filtration;
;YHmaidi;;Groupe Misfat Filtration;
;ZBARKOUTI;;Groupe Misfat Filtration;
;ZBENCHAABEN;;Groupe Misfat Filtration;
;ZETAFAX_1258;;Groupe Misfat Filtration;
;ZLouati;;Groupe Misfat Filtration;
